date,repo,url,stars,forks,watchers,issues,language,updated
2026-07-28,myCat,https://github.com/yumiaura/myCat,197,19,197,1,Python,2026-07-28
2026-07-28,followme,https://github.com/yumiaura/followme,59,7,59,0,Python,2026-07-28
2026-07-28,audio8bit,https://github.com/yumiaura/audio8bit,41,4,41,2,Python,2026-07-28
2026-07-28,aicommit,https://github.com/yumiaura/aicommit,34,6,34,2,Python,2026-07-28
2026-07-28,SubForge,https://github.com/yumiaura/SubForge,19,2,19,0,Python,2026-07-26
2026-07-28,Turing-An_AI_Integrated_Real-time_Assistant,https://github.com/yumiaura/Turing-An_AI_Integrated_Real-time_Assistant,19,1,19,0,N/A,2026-07-16
2026-07-28,myAssistant,https://github.com/yumiaura/myAssistant,19,2,19,0,Python,2026-07-16
2026-07-28,RedditSync,https://github.com/yumiaura/RedditSync,17,4,17,0,Python,2026-07-25
2026-07-28,yumiaura,https://github.com/yumiaura/yumiaura,13,4,13,3,N/A,2026-07-22
2026-07-28,code-orbit,https://github.com/yumiaura/code-orbit,13,0,13,0,Python,2026-07-16
2026-07-28,myRoomie,https://github.com/yumiaura/myRoomie,11,0,11,0,Python,2026-07-25
2026-07-28,MediaToTextBot,https://github.com/yumiaura/MediaToTextBot,11,1,11,0,N/A,2026-07-16
2026-07-28,3270NerdFont,https://github.com/yumiaura/3270NerdFont,8,0,8,0,Shell,2026-07-16
2026-07-28,Qwen3ASRDemo,https://github.com/yumiaura/Qwen3ASRDemo,8,0,8,1,Python,2026-07-16
2026-07-28,myPhotos,https://github.com/yumiaura/myPhotos,6,1,6,0,N/A,2026-07-25
2026-07-28,yandexfreetranslate,https://github.com/yumiaura/yandexfreetranslate,6,0,6,0,N/A,2026-07-16
2026-07-28,Orchis-theme,https://github.com/yumiaura/Orchis-theme,6,0,6,0,N/A,2026-07-16
2026-07-28,LoveBites,https://github.com/yumiaura/LoveBites,6,0,6,0,Lua,2026-07-16
2026-07-28,codecat,https://github.com/yumiaura/codecat,6,0,6,0,Python,2026-07-16
2026-07-28,myAura,https://github.com/yumiaura/myAura,5,0,5,0,CSS,2026-07-22
2026-07-28,myEmojiboard,https://github.com/yumiaura/myEmojiboard,5,0,5,1,Python,2026-07-16
2026-07-28,post-fiat-signals,https://github.com/yumiaura/post-fiat-signals,5,0,5,0,N/A,2026-07-16
2026-07-28,myViewCount,https://github.com/yumiaura/myViewCount,5,1,5,0,Python,2026-07-16
2026-07-28,voicerecorder,https://github.com/yumiaura/voicerecorder,4,0,4,0,Python,2026-07-16
2026-07-28,topica,https://github.com/yumiaura/topica,4,0,4,0,N/A,2026-07-16
2026-07-28,depth-anything.cpp,https://github.com/yumiaura/depth-anything.cpp,3,0,3,0,N/A,2026-07-27
2026-07-28,papirus-icon-theme,https://github.com/yumiaura/papirus-icon-theme,3,0,3,0,N/A,2026-07-16
2026-07-28,mailer,https://github.com/yumiaura/mailer,3,0,3,0,Python,2026-07-16
2026-07-28,astro-caster,https://github.com/yumiaura/astro-caster,2,1,2,0,TypeScript,2026-07-16
2026-07-28,chronicle,https://github.com/yumiaura/chronicle,1,0,1,0,N/A,2026-07-25
2026-07-28,tone,https://github.com/yumiaura/tone,0,0,0,0,N/A,2026-07-27
2026-07-28,myCat,https://github.com/yumiaura/myCat,197,19,197,1,Python,2026-07-28
2026-07-28,followme,https://github.com/yumiaura/followme,59,7,59,0,Python,2026-07-28
2026-07-28,audio8bit,https://github.com/yumiaura/audio8bit,41,4,41,2,Python,2026-07-28
2026-07-28,aicommit,https://github.com/yumiaura/aicommit,34,6,34,2,Python,2026-07-28
2026-07-28,SubForge,https://github.com/yumiaura/SubForge,19,2,19,0,Python,2026-07-26
2026-07-28,Turing-An_AI_Integrated_Real-time_Assistant,https://github.com/yumiaura/Turing-An_AI_Integrated_Real-time_Assistant,19,1,19,0,N/A,2026-07-16
2026-07-28,myAssistant,https://github.com/yumiaura/myAssistant,19,2,19,0,Python,2026-07-16
2026-07-28,RedditSync,https://github.com/yumiaura/RedditSync,17,4,17,0,Python,2026-07-25
2026-07-28,yumiaura,https://github.com/yumiaura/yumiaura,13,4,13,3,N/A,2026-07-22
2026-07-28,code-orbit,https://github.com/yumiaura/code-orbit,13,0,13,0,Python,2026-07-16
2026-07-28,myRoomie,https://github.com/yumiaura/myRoomie,11,0,11,0,Python,2026-07-25
2026-07-28,MediaToTextBot,https://github.com/yumiaura/MediaToTextBot,11,1,11,0,N/A,2026-07-16
2026-07-28,3270NerdFont,https://github.com/yumiaura/3270NerdFont,8,0,8,0,Shell,2026-07-16
2026-07-28,Qwen3ASRDemo,https://github.com/yumiaura/Qwen3ASRDemo,8,0,8,1,Python,2026-07-16
2026-07-28,myPhotos,https://github.com/yumiaura/myPhotos,6,1,6,0,N/A,2026-07-25
2026-07-28,yandexfreetranslate,https://github.com/yumiaura/yandexfreetranslate,6,0,6,0,N/A,2026-07-16
2026-07-28,Orchis-theme,https://github.com/yumiaura/Orchis-theme,6,0,6,0,N/A,2026-07-16
2026-07-28,LoveBites,https://github.com/yumiaura/LoveBites,6,0,6,0,Lua,2026-07-16
2026-07-28,codecat,https://github.com/yumiaura/codecat,6,0,6,0,Python,2026-07-16
2026-07-28,myAura,https://github.com/yumiaura/myAura,5,0,5,0,CSS,2026-07-22
2026-07-28,myEmojiboard,https://github.com/yumiaura/myEmojiboard,5,0,5,1,Python,2026-07-16
2026-07-28,post-fiat-signals,https://github.com/yumiaura/post-fiat-signals,5,0,5,0,N/A,2026-07-16
2026-07-28,myViewCount,https://github.com/yumiaura/myViewCount,5,1,5,0,Python,2026-07-16
2026-07-28,voicerecorder,https://github.com/yumiaura/voicerecorder,4,0,4,0,Python,2026-07-16
2026-07-28,topica,https://github.com/yumiaura/topica,4,0,4,0,N/A,2026-07-16
2026-07-28,depth-anything.cpp,https://github.com/yumiaura/depth-anything.cpp,3,0,3,0,N/A,2026-07-27
2026-07-28,papirus-icon-theme,https://github.com/yumiaura/papirus-icon-theme,3,0,3,0,N/A,2026-07-16
2026-07-28,mailer,https://github.com/yumiaura/mailer,3,0,3,0,Python,2026-07-16
2026-07-28,astro-caster,https://github.com/yumiaura/astro-caster,2,1,2,0,TypeScript,2026-07-16
2026-07-28,chronicle,https://github.com/yumiaura/chronicle,1,0,1,0,N/A,2026-07-25
2026-07-28,tone,https://github.com/yumiaura/tone,0,0,0,0,N/A,2026-07-27
